time,btc_to_usd, btc_to_brl, mbc_rate, mbc_rate/rate, rate, arbitrage, arbitrage, rate, pos, arbitrage*pos, arbitrage/rate*pos, real_value, real_arbitrage, btc_pnl, eth_pnl, btc_pnl+eth_pnl
2017-06-18 11:03:03.750195,2534.800000,8345.830000,9114.990000,2768.410023,3.292500,769.160000,769.160000,3.292500,1.879000,1445.251640,438.952662,4847.238075,94.488075,-237.129800,828.960000,591.830200
2017-06-18 11:04:21.779098,2534.800000,8345.830000,9114.990000,2768.410023,3.292500,769.160000,769.160000,3.292500,1.879000,1445.251640,438.952662,4847.080532,94.330532,-237.129800,828.960000,591.830200
2017-06-18 11:09:24.713926,2533.820000,8342.600000,9120.000000,2769.931663,3.292500,777.400000,777.400000,3.292500,1.879000,1460.734600,443.655156,4847.080527,96.168027,-238.971220,824.960000,585.988780
2017-06-18 11:09:36.571970,2533.820000,8342.600000,9120.000000,2769.931663,3.292500,777.400000,777.400000,3.292500,1.879000,1460.734600,443.655156,4855.277875,104.365375,-238.971220,824.960000,585.988780
2017-06-18 11:09:46.864526,2533.820000,8342.600000,9120.000000,2769.931663,3.292500,777.400000,777.400000,3.292500,1.879000,1460.734600,443.655156,4855.126026,104.213526,-238.971220,824.960000,585.988780
2017-06-18 11:09:57.172633,2533.820000,8342.600000,9120.000000,2769.931663,3.292500,777.400000,777.400000,3.292500,1.879000,1460.734600,443.655156,4854.755113,103.842613,-238.971220,824.960000,585.988780
2017-06-18 11:10:07.505660,2533.820000,8342.600000,9120.000000,2769.931663,3.292500,777.400000,777.400000,3.292500,1.879000,1460.734600,443.655156,4854.755111,103.842611,-238.971220,824.960000,585.988780
2017-06-18 11:10:17.798730,2533.820000,8342.600000,9120.000000,2769.931663,3.292500,777.400000,777.400000,3.292500,1.879000,1460.734600,443.655156,4854.755110,103.842610,-238.971220,824.960000,585.988780
2017-06-18 11:10:28.121281,2533.820000,8342.600000,9120.000000,2769.931663,3.292500,777.400000,777.400000,3.292500,1.879000,1460.734600,443.655156,4855.542739,104.630239,-238.971220,824.960000,585.988780
2017-06-18 11:10:38.416351,2533.820000,8342.600000,9120.000000,2769.931663,3.292500,777.400000,777.400000,3.292500,1.879000,1460.734600,443.655156,4854.755106,103.842606,-238.971220,824.960000,585.988780
2017-06-18 11:11:23.545478,2533.820000,8342.600000,9109.000000,2766.590737,3.292500,766.400000,766.400000,3.292500,1.879000,1440.065600,437.377555,4854.755105,103.842605,-238.971220,824.960000,585.988780
2017-06-18 11:11:53.906010,2533.820000,8342.600000,9109.000000,2766.590737,3.292500,766.400000,766.400000,3.292500,1.879000,1440.065600,437.377555,4854.755100,103.842600,-238.971220,824.960000,585.988780
2017-06-18 11:12:24.263705,2533.820000,8342.600000,9109.000000,2766.590737,3.292500,766.400000,766.400000,3.292500,1.879000,1440.065600,437.377555,4851.365311,100.452811,-238.971220,824.960000,585.988780
2017-06-18 11:12:55.627376,2533.820000,8342.600000,9109.000000,2766.590737,3.292500,766.400000,766.400000,3.292500,1.879000,1440.065600,437.377555,4851.546940,100.634440,-238.971220,824.960000,585.988780
2017-06-18 11:13:25.958874,2533.820000,8342.600000,9109.000000,2766.590737,3.292500,766.400000,766.400000,3.292500,1.879000,1440.065600,437.377555,4851.365308,100.452808,-238.971220,824.960000,585.988780
2017-06-18 11:13:56.319370,2533.820000,8342.600000,9109.000000,2766.590737,3.292500,766.400000,766.400000,3.292500,1.879000,1440.065600,437.377555,4851.365298,100.452798,-238.971220,824.960000,585.988780
2017-06-18 11:14:26.634004,2533.820000,8342.600000,9109.000000,2766.590737,3.292500,766.400000,766.400000,3.292500,1.879000,1440.065600,437.377555,4851.365296,100.452796,-238.971220,824.960000,585.988780
2017-06-18 11:14:56.983254,2533.820000,8342.600000,9109.000000,2766.590737,3.292500,766.400000,766.400000,3.292500,1.879000,1440.065600,437.377555,4851.365289,100.452789,-238.971220,824.960000,585.988780
2017-06-18 11:15:27.348368,2534.930000,8346.260000,9109.000000,2766.590737,3.292500,762.740000,762.740000,3.292500,1.879000,1433.188460,435.288826,4851.365285,98.371535,-236.885530,832.240000,595.354470
2017-06-18 11:15:57.694672,2534.930000,8346.260000,9109.000000,2766.590737,3.292500,762.740000,762.740000,3.292500,1.879000,1433.188460,435.288826,4851.365280,98.371530,-236.885530,832.240000,595.354470
2017-06-18 11:16:28.075899,2534.930000,8346.260000,9109.000000,2766.590737,3.292500,762.740000,762.740000,3.292500,1.879000,1433.188460,435.288826,4851.571380,98.577630,-236.885530,832.240000,595.354470
2017-06-18 11:16:58.459225,2534.930000,8346.260000,9109.000000,2766.590737,3.292500,762.740000,762.740000,3.292500,1.879000,1433.188460,435.288826,4851.365276,98.371526,-236.885530,832.240000,595.354470
2017-06-18 11:17:28.798407,2534.930000,8346.260000,9109.000000,2766.590737,3.292500,762.740000,762.740000,3.292500,1.879000,1433.188460,435.288826,4851.571377,98.577627,-236.885530,832.240000,595.354470
2017-06-18 11:18:00.267022,2534.930000,8346.260000,9100.000000,2763.857251,3.292500,753.740000,753.740000,3.292500,1.879000,1416.277460,430.152607,4851.450838,98.457088,-236.885530,832.240000,595.354470
2017-06-18 11:18:31.885888,2534.930000,8346.260000,9100.000000,2763.857251,3.292500,753.740000,753.740000,3.292500,1.879000,1416.277460,430.152607,4849.856610,96.862860,-236.885530,832.240000,595.354470
2017-06-18 11:19:03.531922,2534.930000,8346.260000,9100.000000,2763.857251,3.292500,753.740000,753.740000,3.292500,1.879000,1416.277460,430.152607,4832.173121,79.179371,-236.885530,832.240000,595.354470
2017-06-18 11:19:34.921721,2534.930000,8346.260000,9100.000000,2763.857251,3.292500,753.740000,753.740000,3.292500,1.879000,1416.277460,430.152607,4831.113215,78.119465,-236.885530,832.240000,595.354470
2017-06-18 11:20:06.753443,2534.930000,8346.260000,9070.000000,2754.745634,3.292500,723.740000,723.740000,3.292500,1.879000,1359.907460,413.031879,4831.113212,78.119462,-236.885530,832.240000,595.354470
2017-06-18 11:20:38.185612,2534.930000,8346.260000,9070.000000,2754.745634,3.292500,723.740000,723.740000,3.292500,1.879000,1359.907460,413.031879,4830.537531,77.543781,-236.885530,832.240000,595.354470
2017-06-18 11:21:09.592437,2534.930000,8346.260000,9098.999760,2763.553458,3.292500,752.739760,752.739760,3.292500,1.879000,1414.398009,429.581780,4830.567378,77.573628,-236.885530,832.240000,595.354470
2017-06-18 11:21:42.012628,2534.930000,8346.260000,9098.999760,2763.553458,3.292500,752.739760,752.739760,3.292500,1.879000,1414.398009,429.581780,4829.558273,76.564523,-236.885530,832.240000,595.354470
2017-06-18 11:22:13.554962,2534.930000,8346.260000,9098.999760,2763.553458,3.292500,752.739760,752.739760,3.292500,1.879000,1414.398009,429.581780,4829.558273,76.564523,-236.885530,832.240000,595.354470
2017-06-18 11:22:44.952039,2534.930000,8346.260000,9097.000000,2762.946090,3.292500,750.740000,750.740000,3.292500,1.879000,1410.640460,428.440535,4829.624659,76.630909,-236.885530,832.240000,595.354470
2017-06-18 11:23:16.363004,2534.930000,8346.260000,9097.000000,2762.946090,3.292500,750.740000,750.740000,3.292500,1.879000,1410.640460,428.440535,4829.624659,76.630909,-236.885530,832.240000,595.354470
2017-06-18 11:23:47.808489,2534.930000,8346.260000,9097.000000,2762.946090,3.292500,750.740000,750.740000,3.292500,1.879000,1410.640460,428.440535,4829.624659,76.630909,-236.885530,832.240000,595.354470
2017-06-18 11:24:19.182493,2534.930000,8346.260000,9097.000000,2762.946090,3.292500,750.740000,750.740000,3.292500,1.879000,1410.640460,428.440535,4829.654445,76.660695,-236.885530,832.240000,595.354470
2017-06-18 11:24:50.554202,2534.930000,8346.260000,9097.000000,2762.946090,3.292500,750.740000,750.740000,3.292500,1.879000,1410.640460,428.440535,4829.654445,76.660695,-236.885530,832.240000,595.354470
2017-06-18 11:25:21.968768,2534.930000,8346.260000,9097.000000,2762.946090,3.292500,750.740000,750.740000,3.292500,1.879000,1410.640460,428.440535,4829.654445,76.660695,-236.885530,832.240000,595.354470
2017-06-18 11:25:53.396216,2530.860000,8332.860000,9097.000000,2762.946090,3.292500,764.140000,764.140000,3.292500,1.879000,1435.819060,436.087793,4830.021857,84.659357,-244.533060,831.520000,586.986940
2017-06-18 11:26:24.794812,2530.860000,8332.860000,9097.000000,2762.946090,3.292500,764.140000,764.140000,3.292500,1.879000,1435.819060,436.087793,4830.021857,84.659357,-244.533060,831.520000,586.986940
2017-06-18 11:26:56.168451,2530.860000,8332.860000,9097.000000,2762.946090,3.292500,764.140000,764.140000,3.292500,1.879000,1435.819060,436.087793,4830.021857,84.659357,-244.533060,831.520000,586.986940
2017-06-18 11:27:26.537755,2530.860000,8332.860000,9097.000000,2762.946090,3.292500,764.140000,764.140000,3.292500,1.879000,1435.819060,436.087793,4851.270058,105.907558,-244.533060,831.520000,586.986940
2017-06-18 11:27:56.880333,2530.860000,8332.860000,9097.000000,2762.946090,3.292500,764.140000,764.140000,3.292500,1.879000,1435.819060,436.087793,4830.167098,84.804598,-244.533060,831.520000,586.986940
2017-06-18 11:28:27.227778,2530.860000,8332.860000,9097.000000,2762.946090,3.292500,764.140000,764.140000,3.292500,1.879000,1435.819060,436.087793,4830.167098,84.804598,-244.533060,831.520000,586.986940
2017-06-18 11:28:57.558313,2530.860000,8332.860000,9097.000000,2762.946090,3.292500,764.140000,764.140000,3.292500,1.879000,1435.819060,436.087793,4830.167098,84.804598,-244.533060,831.520000,586.986940
2017-06-18 11:29:27.875166,2530.860000,8332.860000,9097.000000,2762.946090,3.292500,764.140000,764.140000,3.292500,1.879000,1435.819060,436.087793,4830.167098,84.804598,-244.533060,831.520000,586.986940
2017-06-18 11:29:58.211437,2530.860000,8332.860000,9097.000000,2762.946090,3.292500,764.140000,764.140000,3.292500,1.879000,1435.819060,436.087793,4830.167098,84.804598,-244.533060,831.520000,586.986940
2017-06-18 11:30:31.702873,2530.860000,8332.860000,9097.000000,2762.946090,3.292500,764.140000,764.140000,3.292500,1.879000,1435.819060,436.087793,4830.017274,84.654774,-244.533060,831.520000,586.986940
2017-06-18 11:31:02.050117,2530.860000,8332.860000,9097.000000,2762.946090,3.292500,764.140000,764.140000,3.292500,1.879000,1435.819060,436.087793,4830.167098,84.804598,-244.533060,831.520000,586.986940
2017-06-18 11:31:33.413544,2530.860000,8332.860000,9097.000000,2762.946090,3.292500,764.140000,764.140000,3.292500,1.879000,1435.819060,436.087793,4830.174372,84.811872,-244.533060,831.520000,586.986940
2017-06-18 11:32:03.771386,2530.860000,8332.860000,9097.000000,2762.946090,3.292500,764.140000,764.140000,3.292500,1.879000,1435.819060,436.087793,4830.174372,84.811872,-244.533060,831.520000,586.986940
2017-06-18 11:32:34.102296,2530.860000,8332.860000,9097.000000,2762.946090,3.292500,764.140000,764.140000,3.292500,1.879000,1435.819060,436.087793,4830.342402,84.979902,-244.533060,831.520000,586.986940
2017-06-18 11:33:04.445482,2530.860000,8332.860000,9097.000000,2762.946090,3.292500,764.140000,764.140000,3.292500,1.879000,1435.819060,436.087793,4830.342402,84.979902,-244.533060,831.520000,586.986940
2017-06-18 11:33:34.798618,2530.860000,8332.860000,9097.000000,2762.946090,3.292500,764.140000,764.140000,3.292500,1.879000,1435.819060,436.087793,4830.342402,84.979902,-244.533060,831.520000,586.986940
2017-06-18 11:34:05.142345,2530.860000,8332.860000,9097.000000,2762.946090,3.292500,764.140000,764.140000,3.292500,1.879000,1435.819060,436.087793,4830.376883,85.014383,-244.533060,831.520000,586.986940
2017-06-18 11:34:35.514103,2530.860000,8332.860000,9097.000000,2762.946090,3.292500,764.140000,764.140000,3.292500,1.879000,1435.819060,436.087793,4830.376883,85.014383,-244.533060,831.520000,586.986940
2017-06-18 11:35:05.855450,2543.450000,8374.310000,9097.000000,2762.946090,3.292500,722.690000,722.690000,3.292500,1.879000,1357.934510,412.432653,4830.376883,61.408133,-220.876450,851.840000,630.963550
2017-06-18 11:35:36.206354,2543.450000,8374.310000,9097.000000,2762.946090,3.292500,722.690000,722.690000,3.292500,1.879000,1357.934510,412.432653,4830.376883,61.408133,-220.876450,851.840000,630.963550
2017-06-18 11:36:06.556667,2543.450000,8374.310000,9097.000000,2762.946090,3.292500,722.690000,722.690000,3.292500,1.879000,1357.934510,412.432653,4830.376883,61.408133,-220.876450,851.840000,630.963550
2017-06-18 11:36:37.997331,2543.450000,8374.310000,9097.000000,2762.946090,3.292500,722.690000,722.690000,3.292500,1.879000,1357.934510,412.432653,4830.167098,61.198348,-220.876450,851.840000,630.963550
2017-06-18 11:37:08.344429,2543.450000,8374.310000,9097.000000,2762.946090,3.292500,722.690000,722.690000,3.292500,1.879000,1357.934510,412.432653,4830.858773,61.890023,-220.876450,851.840000,630.963550
2017-06-18 11:37:38.689302,2543.450000,8374.310000,9097.000000,2762.946090,3.292500,722.690000,722.690000,3.292500,1.879000,1357.934510,412.432653,4830.858773,61.890023,-220.876450,851.840000,630.963550
2017-06-18 11:38:09.022372,2543.450000,8374.310000,9097.000000,2762.946090,3.292500,722.690000,722.690000,3.292500,1.879000,1357.934510,412.432653,4830.858773,61.890023,-220.876450,851.840000,630.963550
2017-06-18 11:38:39.384975,2543.450000,8374.310000,9097.000000,2762.946090,3.292500,722.690000,722.690000,3.292500,1.879000,1357.934510,412.432653,4830.858773,61.890023,-220.876450,851.840000,630.963550
2017-06-18 11:39:09.707923,2543.450000,8374.310000,9099.000000,2763.553531,3.292500,724.690000,724.690000,3.292500,1.879000,1361.692510,413.574035,4830.962995,61.994245,-220.876450,851.840000,630.963550
2017-06-18 11:39:40.039632,2543.450000,8374.310000,9099.000000,2763.553531,3.292500,724.690000,724.690000,3.292500,1.879000,1361.692510,413.574035,4830.962995,61.994245,-220.876450,851.840000,630.963550
2017-06-18 11:40:10.372155,2543.450000,8374.310000,9099.000000,2763.553531,3.292500,724.690000,724.690000,3.292500,1.879000,1361.692510,413.574035,4830.962995,61.994245,-220.876450,851.840000,630.963550
2017-06-18 11:40:40.739104,2543.450000,8374.310000,9099.000000,2763.553531,3.292500,724.690000,724.690000,3.292500,1.879000,1361.692510,413.574035,4830.962995,61.994245,-220.876450,851.840000,630.963550
2017-06-18 11:41:11.096177,2543.450000,8374.310000,9099.000000,2763.553531,3.292500,724.690000,724.690000,3.292500,1.879000,1361.692510,413.574035,4830.962995,61.994245,-220.876450,851.840000,630.963550
2017-06-18 11:41:41.465512,2543.450000,8374.310000,9099.000000,2763.553531,3.292500,724.690000,724.690000,3.292500,1.879000,1361.692510,413.574035,4830.962995,61.994245,-220.876450,851.840000,630.963550
2017-06-18 11:42:11.827797,2543.450000,8374.310000,9099.000000,2763.553531,3.292500,724.690000,724.690000,3.292500,1.879000,1361.692510,413.574035,4830.962995,61.994245,-220.876450,851.840000,630.963550
2017-06-18 11:42:42.202545,2543.450000,8374.310000,9099.000000,2763.553531,3.292500,724.690000,724.690000,3.292500,1.879000,1361.692510,413.574035,4830.962995,61.994245,-220.876450,851.840000,630.963550
2017-06-18 11:43:13.577051,2543.450000,8374.310000,9099.000000,2763.553531,3.292500,724.690000,724.690000,3.292500,1.879000,1361.692510,413.574035,4830.858773,61.890023,-220.876450,851.840000,630.963550
2017-06-18 11:43:43.919693,2543.450000,8374.310000,9099.000000,2763.553531,3.292500,724.690000,724.690000,3.292500,1.879000,1361.692510,413.574035,4830.954116,61.985366,-220.876450,851.840000,630.963550
2017-06-18 11:44:14.240484,2543.450000,8374.310000,9099.000000,2763.553531,3.292500,724.690000,724.690000,3.292500,1.879000,1361.692510,413.574035,4830.962995,61.994245,-220.876450,851.840000,630.963550
2017-06-18 11:44:44.570194,2543.450000,8374.310000,9097.000000,2762.946090,3.292500,722.690000,722.690000,3.292500,1.879000,1357.934510,412.432653,4830.962995,61.994245,-220.876450,851.840000,630.963550
2017-06-18 11:45:14.929488,2549.890000,8395.510000,9097.000000,2762.946090,3.292500,701.490000,701.490000,3.292500,1.879000,1318.099710,400.334005,4830.962995,49.919245,-208.775690,854.160000,645.384310
2017-06-18 11:45:45.293517,2549.890000,8395.510000,9099.000000,2763.553531,3.292500,703.490000,703.490000,3.292500,1.879000,1321.857710,401.475386,4831.206312,50.162562,-208.775690,854.160000,645.384310
2017-06-18 11:46:15.626048,2549.890000,8395.510000,9099.000000,2763.553531,3.292500,703.490000,703.490000,3.292500,1.879000,1321.857710,401.475386,4831.206312,50.162562,-208.775690,854.160000,645.384310
2017-06-18 11:46:46.029534,2549.890000,8395.510000,9099.000000,2763.553531,3.292500,703.490000,703.490000,3.292500,1.879000,1321.857710,401.475386,4831.206312,50.162562,-208.775690,854.160000,645.384310
2017-06-18 11:47:16.449755,2549.890000,8395.510000,9099.000000,2763.553531,3.292500,703.490000,703.490000,3.292500,1.879000,1321.857710,401.475386,4831.206312,50.162562,-208.775690,854.160000,645.384310
2017-06-18 11:47:46.789979,2549.890000,8395.510000,9099.000000,2763.553531,3.292500,703.490000,703.490000,3.292500,1.879000,1321.857710,401.475386,4831.206312,50.162562,-208.775690,854.160000,645.384310
2017-06-18 11:48:17.128474,2549.890000,8395.510000,9099.000000,2763.553531,3.292500,703.490000,703.490000,3.292500,1.879000,1321.857710,401.475386,4831.206312,50.162562,-208.775690,854.160000,645.384310
2017-06-18 11:48:47.471359,2549.890000,8395.510000,9099.000000,2763.553531,3.292500,703.490000,703.490000,3.292500,1.879000,1321.857710,401.475386,4831.206312,50.162562,-208.775690,854.160000,645.384310
2017-06-18 11:49:17.789631,2549.890000,8395.510000,9099.000000,2763.553531,3.292500,703.490000,703.490000,3.292500,1.879000,1321.857710,401.475386,4831.206312,50.162562,-208.775690,854.160000,645.384310
2017-06-18 11:49:48.169131,2549.890000,8395.510000,9099.000000,2763.553531,3.292500,703.490000,703.490000,3.292500,1.879000,1321.857710,401.475386,4831.206312,50.162562,-208.775690,854.160000,645.384310
2017-06-18 11:50:18.494218,2549.890000,8395.510000,9099.000000,2763.553531,3.292500,703.490000,703.490000,3.292500,1.879000,1321.857710,401.475386,4831.196447,50.152697,-208.775690,854.160000,645.384310
2017-06-18 11:50:48.854774,2549.890000,8395.510000,9099.000000,2763.553531,3.292500,703.490000,703.490000,3.292500,1.879000,1321.857710,401.475386,4831.196447,50.152697,-208.775690,854.160000,645.384310
2017-06-18 11:51:19.190331,2549.890000,8395.510000,9099.000000,2763.553531,3.292500,703.490000,703.490000,3.292500,1.879000,1321.857710,401.475386,4831.157954,50.114204,-208.775690,854.160000,645.384310
2017-06-18 11:51:49.550462,2549.890000,8395.510000,9099.000000,2763.553531,3.292500,703.490000,703.490000,3.292500,1.879000,1321.857710,401.475386,4830.935611,49.891861,-208.775690,854.160000,645.384310
2017-06-18 11:52:20.432626,2549.890000,8395.510000,9097.000000,2762.946090,3.292500,701.490000,701.490000,3.292500,1.879000,1318.099710,400.334005,4830.935611,49.891861,-208.775690,854.160000,645.384310
2017-06-18 11:52:50.808466,2549.890000,8395.510000,9097.000000,2762.946090,3.292500,701.490000,701.490000,3.292500,1.879000,1318.099710,400.334005,4830.935611,49.891861,-208.775690,854.160000,645.384310
2017-06-18 11:53:21.148047,2549.890000,8395.510000,9097.000000,2762.946090,3.292500,701.490000,701.490000,3.292500,1.879000,1318.099710,400.334005,4830.935611,49.891861,-208.775690,854.160000,645.384310
2017-06-18 11:53:51.617775,2549.890000,8395.510000,9099.000000,2763.553531,3.292500,703.490000,703.490000,3.292500,1.879000,1321.857710,401.475386,4831.202847,50.159097,-208.775690,854.160000,645.384310
2017-06-18 11:54:21.951588,2549.890000,8395.510000,9099.000000,2763.553531,3.292500,703.490000,703.490000,3.292500,1.879000,1321.857710,401.475386,4831.238773,50.195023,-208.775690,854.160000,645.384310
2017-06-18 11:54:52.293599,2549.890000,8395.510000,9098.999970,2763.553522,3.292500,703.489970,703.489970,3.292500,1.879000,1321.857654,401.475369,4831.238773,50.195023,-208.775690,854.160000,645.384310
2017-06-18 11:55:22.665600,2553.210000,8406.440000,9098.999970,2763.553522,3.292500,692.559970,692.559970,3.292500,1.879000,1301.320184,395.237717,4831.238773,43.970023,-202.537410,862.560000,660.022590
2017-06-18 11:55:53.025760,2553.210000,8406.440000,9098.999970,2763.553522,3.292500,692.559970,692.559970,3.292500,1.879000,1301.320184,395.237717,4831.238773,43.970023,-202.537410,862.560000,660.022590
2017-06-18 11:56:23.369813,2553.210000,8406.440000,9098.999970,2763.553522,3.292500,692.559970,692.559970,3.292500,1.879000,1301.320184,395.237717,4831.238773,43.970023,-202.537410,862.560000,660.022590
2017-06-18 11:56:53.684152,2553.210000,8406.440000,9098.999970,2763.553522,3.292500,692.559970,692.559970,3.292500,1.879000,1301.320184,395.237717,4831.277267,44.008517,-202.537410,862.560000,660.022590
2017-06-18 11:57:24.011461,2553.210000,8406.440000,9098.999970,2763.553522,3.292500,692.559970,692.559970,3.292500,1.879000,1301.320184,395.237717,4831.220240,43.951490,-202.537410,862.560000,660.022590
2017-06-18 11:57:55.900052,2553.210000,8406.440000,9098.999970,2763.553522,3.292500,692.559970,692.559970,3.292500,1.879000,1301.320184,395.237717,4830.962995,43.694245,-202.537410,862.560000,660.022590
2017-06-18 11:58:26.236737,2553.210000,8406.440000,9097.000000,2762.946090,3.292500,690.560000,690.560000,3.292500,1.879000,1297.562240,394.096352,4831.220240,43.951490,-202.537410,862.560000,660.022590
2017-06-18 11:58:56.591316,2553.210000,8406.440000,9097.000000,2762.946090,3.292500,690.560000,690.560000,3.292500,1.879000,1297.562240,394.096352,4831.230105,43.961355,-202.537410,862.560000,660.022590
2017-06-18 11:59:26.933453,2553.210000,8406.440000,9097.000000,2762.946090,3.292500,690.560000,690.560000,3.292500,1.879000,1297.562240,394.096352,4831.230105,43.961355,-202.537410,862.560000,660.022590
2017-06-18 11:59:57.245677,2553.210000,8406.440000,9097.000000,2762.946090,3.292500,690.560000,690.560000,3.292500,1.879000,1297.562240,394.096352,4831.230105,43.961355,-202.537410,862.560000,660.022590
2017-06-18 12:00:27.593623,2553.210000,8406.440000,9099.000000,2763.553531,3.292500,692.560000,692.560000,3.292500,1.879000,1301.320240,395.237734,4831.439526,44.170776,-202.537410,862.560000,660.022590
2017-06-18 12:00:57.940767,2553.210000,8406.440000,9097.000000,2762.946090,3.292500,690.560000,690.560000,3.292500,1.879000,1297.562240,394.096352,4831.569180,44.300430,-202.537410,862.560000,660.022590
2017-06-18 12:01:28.287605,2553.210000,8406.440000,9099.000000,2763.553531,3.292500,692.560000,692.560000,3.292500,1.879000,1301.320240,395.237734,4831.569180,44.300430,-202.537410,862.560000,660.022590
2017-06-18 12:01:58.687881,2553.210000,8406.440000,9097.000000,2762.946090,3.292500,690.560000,690.560000,3.292500,1.879000,1297.562240,394.096352,4831.569180,44.300430,-202.537410,862.560000,660.022590
2017-06-18 12:02:29.011231,2553.210000,8406.440000,9099.000000,2763.553531,3.292500,692.560000,692.560000,3.292500,1.879000,1301.320240,395.237734,4831.662053,44.393303,-202.537410,862.560000,660.022590
2017-06-18 12:02:59.350244,2553.210000,8406.440000,9099.000000,2763.553531,3.292500,692.560000,692.560000,3.292500,1.879000,1301.320240,395.237734,4831.662053,44.393303,-202.537410,862.560000,660.022590
2017-06-18 12:03:29.754049,2553.210000,8406.440000,9099.000000,2763.553531,3.292500,692.560000,692.560000,3.292500,1.879000,1301.320240,395.237734,4831.662053,44.393303,-202.537410,862.560000,660.022590
2017-06-18 12:04:00.272589,2553.210000,8406.440000,9099.000000,2763.553531,3.292500,692.560000,692.560000,3.292500,1.879000,1301.320240,395.237734,4831.662053,44.393303,-202.537410,862.560000,660.022590
2017-06-18 12:04:30.633241,2553.210000,8406.440000,9099.000000,2763.553531,3.292500,692.560000,692.560000,3.292500,1.879000,1301.320240,395.237734,4831.665187,44.396437,-202.537410,862.560000,660.022590
2017-06-18 12:05:01.044050,2556.900000,8418.590000,9099.000000,2763.553531,3.292500,680.410000,680.410000,3.292500,1.879000,1278.490390,388.303839,4831.665187,37.477687,-195.603900,875.040000,679.436100
2017-06-18 12:05:31.393422,2556.900000,8418.590000,9099.000000,2763.553531,3.292500,680.410000,680.410000,3.292500,1.879000,1278.490390,388.303839,4831.665187,37.477687,-195.603900,875.040000,679.436100
2017-06-18 12:06:01.775758,2556.900000,8418.590000,9099.000000,2763.553531,3.292500,680.410000,680.410000,3.292500,1.879000,1278.490390,388.303839,4831.665187,37.477687,-195.603900,875.040000,679.436100
2017-06-18 12:06:32.115306,2556.900000,8418.590000,9099.000000,2763.553531,3.292500,680.410000,680.410000,3.292500,1.879000,1278.490390,388.303839,4831.665187,37.477687,-195.603900,875.040000,679.436100
2017-06-18 12:07:02.440423,2556.900000,8418.590000,9099.000000,2763.553531,3.292500,680.410000,680.410000,3.292500,1.879000,1278.490390,388.303839,4831.665187,37.477687,-195.603900,875.040000,679.436100
2017-06-18 12:07:32.790845,2556.900000,8418.590000,9097.000000,2762.946090,3.292500,678.410000,678.410000,3.292500,1.879000,1274.732390,387.162457,4831.665187,37.477687,-195.603900,875.040000,679.436100
2017-06-18 12:08:03.139933,2556.900000,8418.590000,9099.000000,2763.553531,3.292500,680.410000,680.410000,3.292500,1.879000,1278.490390,388.303839,4831.673021,37.485521,-195.603900,875.040000,679.436100
2017-06-18 12:08:33.478984,2556.900000,8418.590000,9099.000000,2763.553531,3.292500,680.410000,680.410000,3.292500,1.879000,1278.490390,388.303839,4831.673021,37.485521,-195.603900,875.040000,679.436100
2017-06-18 12:09:03.821655,2556.900000,8418.590000,9099.000000,2763.553531,3.292500,680.410000,680.410000,3.292500,1.879000,1278.490390,388.303839,4831.673021,37.485521,-195.603900,875.040000,679.436100
2017-06-18 12:09:34.174901,2556.900000,8418.590000,9099.000000,2763.553531,3.292500,680.410000,680.410000,3.292500,1.879000,1278.490390,388.303839,4839.524143,45.336643,-195.603900,875.040000,679.436100
2017-06-18 12:10:04.533659,2556.900000,8418.590000,9099.000000,2763.553531,3.292500,680.410000,680.410000,3.292500,1.879000,1278.490390,388.303839,4839.524143,45.336643,-195.603900,875.040000,679.436100
2017-06-18 12:10:34.903633,2556.900000,8418.590000,9108.000000,2766.287016,3.292500,689.410000,689.410000,3.292500,1.879000,1295.401390,393.440058,4839.535352,45.347852,-195.603900,875.040000,679.436100
2017-06-18 12:11:05.244079,2556.900000,8418.590000,9108.000000,2766.287016,3.292500,689.410000,689.410000,3.292500,1.879000,1295.401390,393.440058,4839.535352,45.347852,-195.603900,875.040000,679.436100
2017-06-18 12:11:35.569893,2556.900000,8418.590000,9108.000000,2766.287016,3.292500,689.410000,689.410000,3.292500,1.879000,1295.401390,393.440058,4839.535352,45.347852,-195.603900,875.040000,679.436100
2017-06-18 12:12:05.922472,2556.900000,8418.590000,9108.000000,2766.287016,3.292500,689.410000,689.410000,3.292500,1.879000,1295.401390,393.440058,4839.549060,45.361560,-195.603900,875.040000,679.436100
2017-06-18 12:12:36.304241,2556.900000,8418.590000,9108.000000,2766.287016,3.292500,689.410000,689.410000,3.292500,1.879000,1295.401390,393.440058,4839.549060,45.361560,-195.603900,875.040000,679.436100
2017-06-18 12:13:06.670097,2556.900000,8418.590000,9108.000000,2766.287016,3.292500,689.410000,689.410000,3.292500,1.879000,1295.401390,393.440058,4839.549060,45.361560,-195.603900,875.040000,679.436100
2017-06-18 12:13:37.001725,2556.900000,8418.590000,9108.000000,2766.287016,3.292500,689.410000,689.410000,3.292500,1.879000,1295.401390,393.440058,4839.549060,45.361560,-195.603900,875.040000,679.436100
2017-06-18 12:14:07.335572,2556.900000,8418.590000,9099.000000,2763.553531,3.292500,680.410000,680.410000,3.292500,1.879000,1278.490390,388.303839,4839.593916,45.406416,-195.603900,875.040000,679.436100
2017-06-18 12:14:37.677381,2556.900000,8418.590000,9099.000000,2763.553531,3.292500,680.410000,680.410000,3.292500,1.879000,1278.490390,388.303839,4839.593916,45.406416,-195.603900,875.040000,679.436100
2017-06-18 12:15:08.029245,2569.000000,8458.430000,9099.000000,2763.553531,3.292500,640.570000,640.570000,3.292500,1.879000,1203.631030,365.567511,4839.593916,22.718916,-172.868000,889.760000,716.892000
2017-06-18 12:15:38.376875,2569.000000,8458.430000,9099.000000,2763.553531,3.292500,640.570000,640.570000,3.292500,1.879000,1203.631030,365.567511,4839.593916,22.718916,-172.868000,889.760000,716.892000
2017-06-18 12:16:08.702440,2569.000000,8458.430000,9099.000000,2763.553531,3.292500,640.570000,640.570000,3.292500,1.879000,1203.631030,365.567511,4839.593916,22.718916,-172.868000,889.760000,716.892000
2017-06-18 12:16:39.108376,2569.000000,8458.430000,9099.000000,2763.553531,3.292500,640.570000,640.570000,3.292500,1.879000,1203.631030,365.567511,4839.768894,22.893894,-172.868000,889.760000,716.892000
2017-06-18 12:17:09.451623,2569.000000,8458.430000,9108.000000,2766.287016,3.292500,649.570000,649.570000,3.292500,1.879000,1220.542030,370.703730,4839.768894,22.893894,-172.868000,889.760000,716.892000
2017-06-18 12:17:40.961648,2569.000000,8458.430000,9099.000000,2763.553531,3.292500,640.570000,640.570000,3.292500,1.879000,1203.631030,365.567511,4831.673021,14.798021,-172.868000,889.760000,716.892000
2017-06-18 12:18:12.338281,2569.000000,8458.430000,9108.000000,2766.287016,3.292500,649.570000,649.570000,3.292500,1.879000,1220.542030,370.703730,4839.883071,23.008071,-172.868000,889.760000,716.892000
2017-06-18 12:18:43.732604,2569.000000,8458.430000,9108.000000,2766.287016,3.292500,649.570000,649.570000,3.292500,1.879000,1220.542030,370.703730,4839.883071,23.008071,-172.868000,889.760000,716.892000
2017-06-18 12:19:15.130816,2569.000000,8458.430000,9108.000000,2766.287016,3.292500,649.570000,649.570000,3.292500,1.879000,1220.542030,370.703730,4839.883071,23.008071,-172.868000,889.760000,716.892000
2017-06-18 12:19:46.601190,2569.000000,8458.430000,9105.000000,2765.375854,3.292500,646.570000,646.570000,3.292500,1.879000,1214.905030,368.991657,4839.883071,23.008071,-172.868000,889.760000,716.892000
2017-06-18 12:20:18.013728,2569.000000,8458.430000,9105.000000,2765.375854,3.292500,646.570000,646.570000,3.292500,1.879000,1214.905030,368.991657,4839.883071,23.008071,-172.868000,889.760000,716.892000
2017-06-18 12:20:49.418033,2569.000000,8458.430000,9105.000000,2765.375854,3.292500,646.570000,646.570000,3.292500,1.879000,1214.905030,368.991657,4839.883071,23.008071,-172.868000,889.760000,716.892000
2017-06-18 12:21:20.911729,2569.000000,8458.430000,9105.000000,2765.375854,3.292500,646.570000,646.570000,3.292500,1.879000,1214.905030,368.991657,4839.883071,23.008071,-172.868000,889.760000,716.892000
2017-06-18 12:21:52.714851,2569.000000,8458.430000,9105.000000,2765.375854,3.292500,646.570000,646.570000,3.292500,1.879000,1214.905030,368.991657,4840.037645,23.162645,-172.868000,889.760000,716.892000
2017-06-18 12:22:25.775278,2569.000000,8458.430000,9105.000000,2765.375854,3.292500,646.570000,646.570000,3.292500,1.879000,1214.905030,368.991657,4840.037645,23.162645,-172.868000,889.760000,716.892000
2017-06-18 12:22:56.552188,2569.000000,8458.430000,9105.000000,2765.375854,3.292500,646.570000,646.570000,3.292500,1.879000,1214.905030,368.991657,4839.883071,23.008071,-172.868000,889.760000,716.892000
2017-06-18 12:23:27.950514,2569.000000,8458.430000,9105.000000,2765.375854,3.292500,646.570000,646.570000,3.292500,1.879000,1214.905030,368.991657,4839.587961,22.712961,-172.868000,889.760000,716.892000
2017-06-18 12:23:58.304626,2569.000000,8458.430000,9105.000000,2765.375854,3.292500,646.570000,646.570000,3.292500,1.879000,1214.905030,368.991657,4839.587961,22.712961,-172.868000,889.760000,716.892000
2017-06-18 12:24:28.624258,2569.000000,8458.430000,9105.000000,2765.375854,3.292500,646.570000,646.570000,3.292500,1.879000,1214.905030,368.991657,4839.587961,22.712961,-172.868000,889.760000,716.892000
2017-06-18 12:24:58.941637,2569.000000,8458.430000,9104.000000,2765.072134,3.292500,645.570000,645.570000,3.292500,1.879000,1213.026030,368.420966,4839.638657,22.763657,-172.868000,889.760000,716.892000
2017-06-18 12:25:29.297221,2561.930000,8435.150000,9104.000000,2765.072134,3.292500,668.850000,668.850000,3.292500,1.879000,1256.769150,381.706651,4839.638657,36.019907,-186.152530,882.320000,696.167470
2017-06-18 12:25:59.650682,2561.930000,8435.150000,9103.999990,2765.072131,3.292500,668.849990,668.849990,3.292500,1.879000,1256.769131,381.706646,4836.354487,32.735737,-186.152530,882.320000,696.167470
2017-06-18 12:26:30.013125,2561.930000,8435.150000,9103.999990,2765.072131,3.292500,668.849990,668.849990,3.292500,1.879000,1256.769131,381.706646,4837.042736,33.423986,-186.152530,882.320000,696.167470
2017-06-18 12:27:00.342471,2561.930000,8435.150000,9103.999990,2765.072131,3.292500,668.849990,668.849990,3.292500,1.879000,1256.769131,381.706646,4837.042736,33.423986,-186.152530,882.320000,696.167470
2017-06-18 12:27:30.727119,2561.930000,8435.150000,9103.999990,2765.072131,3.292500,668.849990,668.849990,3.292500,1.879000,1256.769131,381.706646,4837.042736,33.423986,-186.152530,882.320000,696.167470
2017-06-18 12:28:01.045588,2561.930000,8435.150000,9103.999990,2765.072131,3.292500,668.849990,668.849990,3.292500,1.879000,1256.769131,381.706646,4837.042736,33.423986,-186.152530,882.320000,696.167470
2017-06-18 12:28:31.381405,2561.930000,8435.150000,9103.999990,2765.072131,3.292500,668.849990,668.849990,3.292500,1.879000,1256.769131,381.706646,4837.042736,33.423986,-186.152530,882.320000,696.167470
2017-06-18 12:29:01.704071,2561.930000,8435.150000,9103.999990,2765.072131,3.292500,668.849990,668.849990,3.292500,1.879000,1256.769131,381.706646,4837.042736,33.423986,-186.152530,882.320000,696.167470
2017-06-18 12:29:32.010963,2561.930000,8435.150000,9103.999990,2765.072131,3.292500,668.849990,668.849990,3.292500,1.879000,1256.769131,381.706646,4837.042736,33.423986,-186.152530,882.320000,696.167470
2017-06-18 12:30:02.384008,2561.930000,8435.150000,9099.000000,2763.553531,3.292500,663.850000,663.850000,3.292500,1.879000,1247.374150,378.853197,4837.042736,33.423986,-186.152530,882.320000,696.167470
2017-06-18 12:30:32.768235,2561.930000,8435.150000,9099.000000,2763.553531,3.292500,663.850000,663.850000,3.292500,1.879000,1247.374150,378.853197,4837.042736,33.423986,-186.152530,882.320000,696.167470
2017-06-18 12:31:03.115856,2561.930000,8435.150000,9099.000000,2763.553531,3.292500,663.850000,663.850000,3.292500,1.879000,1247.374150,378.853197,4837.042736,33.423986,-186.152530,882.320000,696.167470
2017-06-18 12:31:33.450515,2561.930000,8435.150000,9099.000000,2763.553531,3.292500,663.850000,663.850000,3.292500,1.879000,1247.374150,378.853197,4837.042736,33.423986,-186.152530,882.320000,696.167470
2017-06-18 12:32:03.794176,2561.930000,8435.150000,9099.000000,2763.553531,3.292500,663.850000,663.850000,3.292500,1.879000,1247.374150,378.853197,4837.042736,33.423986,-186.152530,882.320000,696.167470
2017-06-18 12:32:34.158648,2561.930000,8435.150000,9099.000000,2763.553531,3.292500,663.850000,663.850000,3.292500,1.879000,1247.374150,378.853197,4837.042736,33.423986,-186.152530,882.320000,696.167470
2017-06-18 12:33:04.490828,2561.930000,8435.150000,9099.000000,2763.553531,3.292500,663.850000,663.850000,3.292500,1.879000,1247.374150,378.853197,4837.042736,33.423986,-186.152530,882.320000,696.167470
2017-06-18 12:33:34.810087,2561.930000,8435.150000,9102.999990,2764.768410,3.292500,667.849990,667.849990,3.292500,1.879000,1254.890131,381.135955,4837.042736,33.423986,-186.152530,882.320000,696.167470
2017-06-18 12:34:05.135692,2561.930000,8435.150000,9102.999990,2764.768410,3.292500,667.849990,667.849990,3.292500,1.879000,1254.890131,381.135955,4836.403799,32.785049,-186.152530,882.320000,696.167470
2017-06-18 12:34:35.485529,2561.930000,8435.150000,9102.999990,2764.768410,3.292500,667.849990,667.849990,3.292500,1.879000,1254.890131,381.135955,4836.403799,32.785049,-186.152530,882.320000,696.167470
2017-06-18 12:35:05.797985,2561.930000,8435.150000,9100.000000,2763.857251,3.292500,664.850000,664.850000,3.292500,1.879000,1249.253150,379.423888,4836.502326,32.883576,-186.152530,882.320000,696.167470
2017-06-18 12:35:36.144084,2561.930000,8435.150000,9100.000000,2763.857251,3.292500,664.850000,664.850000,3.292500,1.879000,1249.253150,379.423888,4836.502326,32.883576,-186.152530,882.320000,696.167470
2017-06-18 12:36:06.455937,2554.750000,8411.510000,9100.000000,2763.857251,3.292500,688.490000,688.490000,3.292500,1.879000,1293.672710,392.915022,4836.502326,46.346076,-199.643750,858.880000,659.236250
2017-06-18 12:36:36.886761,2554.750000,8411.510000,9099.000000,2763.553531,3.292500,687.490000,687.490000,3.292500,1.879000,1291.793710,392.344331,4836.502326,46.346076,-199.643750,858.880000,659.236250
2017-06-18 12:37:07.232833,2554.750000,8411.510000,9099.000000,2763.553531,3.292500,687.490000,687.490000,3.292500,1.879000,1291.793710,392.344331,4836.502326,46.346076,-199.643750,858.880000,659.236250
2017-06-18 12:37:37.642214,2554.750000,8411.510000,9099.000000,2763.553531,3.292500,687.490000,687.490000,3.292500,1.879000,1291.793710,392.344331,4836.502326,46.346076,-199.643750,858.880000,659.236250
2017-06-18 12:38:07.952829,2554.750000,8411.510000,9100.000000,2763.857251,3.292500,688.490000,688.490000,3.292500,1.879000,1293.672710,392.915022,4836.677875,46.521625,-199.643750,858.880000,659.236250
2017-06-18 12:38:38.276802,2554.750000,8411.510000,9100.000000,2763.857251,3.292500,688.490000,688.490000,3.292500,1.879000,1293.672710,392.915022,4836.677875,46.521625,-199.643750,858.880000,659.236250
2017-06-18 12:39:08.599478,2554.750000,8411.510000,9100.000000,2763.857251,3.292500,688.490000,688.490000,3.292500,1.879000,1293.672710,392.915022,4836.677875,46.521625,-199.643750,858.880000,659.236250
2017-06-18 12:39:38.931420,2554.750000,8411.510000,9100.000000,2763.857251,3.292500,688.490000,688.490000,3.292500,1.879000,1293.672710,392.915022,4836.677875,46.521625,-199.643750,858.880000,659.236250
2017-06-18 12:40:09.258967,2554.750000,8411.510000,9100.000000,2763.857251,3.292500,688.490000,688.490000,3.292500,1.879000,1293.672710,392.915022,4836.677875,46.521625,-199.643750,858.880000,659.236250
2017-06-18 12:40:39.593959,2554.750000,8411.510000,9100.000000,2763.857251,3.292500,688.490000,688.490000,3.292500,1.879000,1293.672710,392.915022,4836.677875,46.521625,-199.643750,858.880000,659.236250
2017-06-18 12:41:09.937323,2554.750000,8411.510000,9100.000000,2763.857251,3.292500,688.490000,688.490000,3.292500,1.879000,1293.672710,392.915022,4836.677875,46.521625,-199.643750,858.880000,659.236250
2017-06-18 12:41:40.251509,2554.750000,8411.510000,9100.000000,2763.857251,3.292500,688.490000,688.490000,3.292500,1.879000,1293.672710,392.915022,4836.677875,46.521625,-199.643750,858.880000,659.236250
2017-06-18 12:42:10.569610,2554.750000,8411.510000,9100.000000,2763.857251,3.292500,688.490000,688.490000,3.292500,1.879000,1293.672710,392.915022,4836.677875,46.521625,-199.643750,858.880000,659.236250
2017-06-18 12:42:41.047986,2554.750000,8411.510000,9100.000000,2763.857251,3.292500,688.490000,688.490000,3.292500,1.879000,1293.672710,392.915022,4836.677875,46.521625,-199.643750,858.880000,659.236250
2017-06-18 12:43:11.378454,2554.750000,8411.510000,9100.000000,2763.857251,3.292500,688.490000,688.490000,3.292500,1.879000,1293.672710,392.915022,4836.677875,46.521625,-199.643750,858.880000,659.236250
2017-06-18 12:43:41.708265,2554.750000,8411.510000,9099.000000,2763.553531,3.292500,687.490000,687.490000,3.292500,1.879000,1291.793710,392.344331,4836.677875,46.521625,-199.643750,858.880000,659.236250
2017-06-18 12:44:12.041975,2554.750000,8411.510000,9100.000000,2763.857251,3.292500,688.490000,688.490000,3.292500,1.879000,1293.672710,392.915022,4836.686961,46.530711,-199.643750,858.880000,659.236250
2017-06-18 12:44:42.365026,2554.750000,8411.510000,9100.000000,2763.857251,3.292500,688.490000,688.490000,3.292500,1.879000,1293.672710,392.915022,4836.686961,46.530711,-199.643750,858.880000,659.236250
2017-06-18 12:45:12.695920,2554.750000,8411.510000,9100.000000,2763.857251,3.292500,688.490000,688.490000,3.292500,1.879000,1293.672710,392.915022,4836.686961,46.530711,-199.643750,858.880000,659.236250
2017-06-18 12:45:43.345657,2554.750000,8411.510000,9100.000000,2763.857251,3.292500,688.490000,688.490000,3.292500,1.879000,1293.672710,392.915022,4836.686961,46.530711,-199.643750,858.880000,659.236250
2017-06-18 12:46:13.710049,2558.960000,8425.380000,9100.000000,2763.857251,3.292500,674.620000,674.620000,3.292500,1.879000,1267.610980,384.999538,4836.686961,38.636961,-191.733160,854.560000,662.826840
2017-06-18 12:46:44.060524,2558.960000,8425.380000,9100.000000,2763.857251,3.292500,674.620000,674.620000,3.292500,1.879000,1267.610980,384.999538,4836.686961,38.636961,-191.733160,854.560000,662.826840
2017-06-18 12:47:14.394322,2558.960000,8425.380000,9100.000000,2763.857251,3.292500,674.620000,674.620000,3.292500,1.879000,1267.610980,384.999538,4836.686961,38.636961,-191.733160,854.560000,662.826840
2017-06-18 12:47:44.801072,2558.960000,8425.380000,9099.000000,2763.553531,3.292500,673.620000,673.620000,3.292500,1.879000,1265.731980,384.428847,4836.714221,38.664221,-191.733160,854.560000,662.826840
2017-06-18 12:48:15.119838,2558.960000,8425.380000,9099.000000,2763.553531,3.292500,673.620000,673.620000,3.292500,1.879000,1265.731980,384.428847,4836.714221,38.664221,-191.733160,854.560000,662.826840
2017-06-18 12:48:45.454205,2558.960000,8425.380000,9103.999990,2765.072131,3.292500,678.619990,678.619990,3.292500,1.879000,1275.126961,387.282296,4837.525573,39.475573,-191.733160,854.560000,662.826840
2017-06-18 12:49:15.792298,2558.960000,8425.380000,9103.999990,2765.072131,3.292500,678.619990,678.619990,3.292500,1.879000,1275.126961,387.282296,4837.893579,39.843579,-191.733160,854.560000,662.826840
2017-06-18 12:49:46.147998,2558.960000,8425.380000,9103.999990,2765.072131,3.292500,678.619990,678.619990,3.292500,1.879000,1275.126961,387.282296,4838.011027,39.961027,-191.733160,854.560000,662.826840
2017-06-18 12:50:16.465414,2558.960000,8425.380000,9103.999990,2765.072131,3.292500,678.619990,678.619990,3.292500,1.879000,1275.126961,387.282296,4838.011027,39.961027,-191.733160,854.560000,662.826840
2017-06-18 12:50:46.812191,2558.960000,8425.380000,9103.999990,2765.072131,3.292500,678.619990,678.619990,3.292500,1.879000,1275.126961,387.282296,4838.011027,39.961027,-191.733160,854.560000,662.826840
2017-06-18 12:51:18.242139,2558.960000,8425.380000,9105.000000,2765.375854,3.292500,679.620000,679.620000,3.292500,1.879000,1277.005980,387.852993,4836.714221,38.664221,-191.733160,854.560000,662.826840
2017-06-18 12:51:48.550733,2558.960000,8425.380000,9103.999990,2765.072131,3.292500,678.619990,678.619990,3.292500,1.879000,1275.126961,387.282296,4838.011027,39.961027,-191.733160,854.560000,662.826840
2017-06-18 12:52:18.924231,2558.960000,8425.380000,9103.999990,2765.072131,3.292500,678.619990,678.619990,3.292500,1.879000,1275.126961,387.282296,4838.011027,39.961027,-191.733160,854.560000,662.826840
2017-06-18 20:35:48.059514,2541.690000,8364.420000,8996.979990,2733.903976,3.290891,632.559990,632.559990,3.290891,1.879000,1188.580221,361.172771,4751.750590,-13.918160,-224.183490,847.600000,623.416510
2017-06-18 20:36:19.475415,2541.690000,8364.420000,8996.979980,2733.903973,3.290891,632.559980,632.559980,3.290891,1.879000,1188.580202,361.172765,4778.225420,12.556670,-224.183490,847.600000,623.416510
2017-06-18 20:36:50.890970,2541.690000,8364.420000,8996.979980,2733.903973,3.290891,632.559980,632.559980,3.290891,1.879000,1188.580202,361.172765,4777.942808,12.274058,-224.183490,847.600000,623.416510
2017-06-18 20:37:22.408192,2541.690000,8364.420000,8996.979980,2733.903973,3.290891,632.559980,632.559980,3.290891,1.879000,1188.580202,361.172765,4777.942808,12.274058,-224.183490,847.600000,623.416510
2017-06-18 20:37:53.857683,2541.690000,8364.420000,8996.979980,2733.903973,3.290891,632.559980,632.559980,3.290891,1.879000,1188.580202,361.172765,4777.942808,12.274058,-224.183490,847.600000,623.416510
2017-06-18 20:38:25.733524,2529.170000,8323.250000,8996.979980,2733.896496,3.290900,673.729980,673.729980,3.290900,1.879000,1265.938632,384.678548,4777.929741,35.735991,-247.708570,827.120000,579.411430
2017-06-18 20:38:57.294216,2529.170000,8323.250000,8996.979980,2733.896496,3.290900,673.729980,673.729980,3.290900,1.879000,1265.938632,384.678548,4777.929741,35.735991,-247.708570,827.120000,579.411430